url_path,views_total,views_unique
/chjch/LAA4356,96,19
/chjch/LAA4356/blob/master/tutorials/3-raster_geoprocessing.md,81,19
/chjch/LAA4356/tree/master/tutorials,57,15
/chjch/LAA4356/blob/master/tutorials/exercise1.md,46,18
/chjch/LAA4356/blob/master/tutorials/1-software_and_data.md,34,14
/chjch/LAA4356/actions,34,2
/chjch/LAA4356/blob/master/tutorials/exercise2.md,31,13
/chjch/LAA4356/blob/master/tutorials/2-learn_arcpro.md,22,9
/chjch/LAA4356/tree/laa4356_ghrs,21,2
/chjch/LAA4356/actions/runs/1161105952,15,1
